"No1","No2"
1,1001
1,1002
1,1003
1,1004
1,1005
2,1006
2,1007
2,1008
2,1009
2,1010
3,1011
3,1012
3,1013
3,1014
3,1015
4,1016
4,1017
4,1018
4,1019
4,1020
5,1021
5,1022
5,1023
5,1024
5,1025
6,1026
6,1027
6,1028
6,1029
6,1030
7,1031
7,1032
7,1033
7,1034
7,1035
8,1036
8,1037
8,1038
8,1039
8,1040
9,1041
9,1042
9,1043
9,1044
9,1045
10,1046
10,1047
10,1048
10,1049
10,1050
11,1051
11,1052
11,1053
11,1054
11,1055
12,1056
12,1057
12,1058
12,1059
12,1060
13,1061
13,1062
13,1063
13,1064
13,1065
14,1066
14,1067
14,1068
14,1069
14,1070
15,1071
15,1072
15,1073
15,1074
15,1075
16,1076
16,1077
16,1078
16,1079
16,1080
17,1081
17,1082
17,1083
17,1084
17,1085
18,1086
18,1087
18,1088
18,1089
18,1090
19,1091
19,1092
19,1093
19,1094
19,1095
20,1096
20,1097
20,1098
20,1099
20,1100
21,1101
21,1102
21,1103
21,1104
21,1105
22,1106
22,1107
22,1108
22,1109
22,1110
23,1111
23,1112
23,1113
23,1114
23,1115
24,1116
24,1117
24,1118
24,1119
24,1120
25,1121
25,1122
25,1123
25,1124
25,1125
26,1126
26,1127
26,1128
26,1129
26,1130
27,1131
27,1132
27,1133
27,1134
27,1135
28,1136
28,1137
28,1138
28,1139
28,1140
29,1141
29,1142
29,1143
29,1144
29,1145
30,1146
30,1147
30,1148
30,1149
30,1150
31,1151
31,1152
31,1153
31,1154
31,1155
32,1156
32,1157
32,1158
32,1159
32,1160
33,1161
33,1162
33,1163
33,1164
33,1165
34,1166
34,1167
34,1168
34,1169
34,1170
35,1171
35,1172
35,1173
35,1174
35,1175
36,1176
36,1177
36,1178
36,1179
36,1180
37,1181
37,1182
37,1183
37,1184
37,1185
38,1186
38,1187
38,1188
38,1189
38,1190
39,1191
39,1192
39,1193
39,1194
39,1195
40,1196
40,1197
40,1198
40,1199
40,1200
41,1201
41,1202
41,1203
41,1204
41,1205
42,1206
42,1207
42,1208
42,1209
42,1210
43,1211
43,1212
43,1213
43,1214
43,1215
44,1216
44,1217
44,1218
44,1219
44,1220
45,1221
45,1222
45,1223
45,1224
45,1225
46,1226
46,1227
46,1228
46,1229
46,1230
47,1231
47,1232
47,1233
47,1234
47,1235
48,1236
48,1237
48,1238
48,1239
48,1240
49,1241
49,1242
49,1243
49,1244
49,1245
50,1246
50,1247
50,1248
50,1249
50,1250
51,1251
51,1252
51,1253
51,1254
51,1255
52,1256
52,1257
52,1258
52,1259
52,1260
53,1261
53,1262
53,1263
53,1264
53,1265
54,1266
54,1267
54,1268
54,1269
54,1270
55,1271
55,1272
55,1273
55,1274
55,1275
56,1276
56,1277
56,1278
56,1279
56,1280
57,1281
57,1282
57,1283
57,1284
57,1285
58,1286
58,1287
58,1288
58,1289
58,1290
59,1291
59,1292
59,1293
59,1294
59,1295
60,1296
60,1297
60,1298
60,1299
60,1300
61,1301
61,1302
61,1303
61,1304
61,1305
62,1306
62,1307
62,1308
62,1309
62,1310
63,1311
63,1312
63,1313
63,1314
63,1315
64,1316
64,1317
64,1318
64,1319
64,1320
65,1321
65,1322
65,1323
65,1324
65,1325
66,1326
66,1327
66,1328
66,1329
66,1330
67,1331
67,1332
67,1333
67,1334
67,1335
68,1336
68,1337
68,1338
68,1339
68,1340
69,1341
69,1342
69,1343
69,1344
69,1345
70,1346
70,1347
70,1348
70,1349
70,1350
71,1351
71,1352
71,1353
71,1354
71,1355
72,1356
72,1357
72,1358
72,1359
72,1360
73,1361
73,1362
73,1363
73,1364
73,1365
74,1366
74,1367
74,1368
74,1369
74,1370
75,1371
75,1372
75,1373
75,1374
75,1375
76,1376
76,1377
76,1378
76,1379
76,1380
77,1381
77,1382
77,1383
77,1384
77,1385
78,1386
78,1387
78,1388
78,1389
78,1390
79,1391
79,1392
79,1393
79,1394
79,1395
80,1396
80,1397
80,1398
80,1399
80,1400
81,1401
81,1402
81,1403
81,1404
81,1405
82,1406
82,1407
82,1408
82,1409
82,1410
83,1411
83,1412
83,1413
83,1414
83,1415
84,1416
84,1417
84,1418
84,1419
84,1420
85,1421
85,1422
85,1423
85,1424
85,1425
86,1426
86,1427
86,1428
86,1429
86,1430
87,1431
87,1432
87,1433
87,1434
87,1435
88,1436
88,1437
88,1438
88,1439
88,1440
89,1441
89,1442
89,1443
89,1444
89,1445
90,1446
90,1447
90,1448
90,1449
90,1450
91,1451
91,1452
91,1453
91,1454
91,1455
92,1456
92,1457
92,1458
92,1459
92,1460
93,1461
93,1462
93,1463
93,1464
93,1465
94,1466
94,1467
94,1468
94,1469
94,1470
95,1471
95,1472
95,1473
95,1474
95,1475
96,1476
96,1477
96,1478
96,1479
96,1480
97,1481
97,1482
97,1483
97,1484
97,1485
98,1486
98,1487
98,1488
98,1489
98,1490
99,1491
99,1492
99,1493
99,1494
99,1495
100,1496
100,1497
100,1498
100,1499
100,1500
101,1501
101,1502
101,1503
101,1504
101,1505
102,1506
102,1507
102,1508
102,1509
102,1510
103,1511
103,1512
103,1513
103,1514
103,1515
104,1516
104,1517
104,1518
104,1519
104,1520
105,1521
105,1522
105,1523
105,1524
105,1525
106,1526
106,1527
106,1528
106,1529
106,1530
107,1531
107,1532
107,1533
107,1534
107,1535
108,1536
108,1537
108,1538
108,1539
108,1540
109,1541
109,1542
109,1543
109,1544
109,1545
110,1546
110,1547
110,1548
110,1549
110,1550
111,1551
111,1552
111,1553
111,1554
111,1555
112,1556
112,1557
112,1558
112,1559
112,1560
113,1561
113,1562
113,1563
113,1564
113,1565
114,1566
114,1567
114,1568
114,1569
114,1570
115,1571
115,1572
115,1573
115,1574
115,1575
116,1576
116,1577
116,1578
116,1579
116,1580
117,1581
117,1582
117,1583
117,1584
117,1585
118,1586
118,1587
118,1588
118,1589
118,1590
119,1591
119,1592
119,1593
119,1594
119,1595
120,1596
120,1597
120,1598
120,1599
120,1600
121,1601
121,1602
121,1603
121,1604
121,1605
122,1606
122,1607
122,1608
122,1609
122,1610
123,1611
123,1612
123,1613
123,1614
123,1615
124,1616
124,1617
124,1618
124,1619
124,1620
125,1621
125,1622
125,1623
125,1624
125,1625
126,1626
126,1627
126,1628
126,1629
126,1630
127,1631
127,1632
127,1633
127,1634
127,1635
128,1636
128,1637
128,1638
128,1639
128,1640
129,1641
129,1642
129,1643
129,1644
129,1645
130,1646
130,1647
130,1648
130,1649
130,1650
131,1651
131,1652
131,1653
131,1654
131,1655
132,1656
132,1657
132,1658
132,1659
132,1660
133,1661
133,1662
133,1663
133,1664
133,1665
134,1666
134,1667
134,1668
134,1669
134,1670
135,1671
135,1672
135,1673
135,1674
135,1675
136,1676
136,1677
136,1678
136,1679
136,1680
137,1681
137,1682
137,1683
137,1684
137,1685
138,1686
138,1687
138,1688
138,1689
138,1690
139,1691
139,1692
139,1693
139,1694
139,1695
140,1696
140,1697
140,1698
140,1699
140,1700
141,1701
141,1702
141,1703
141,1704
141,1705
142,1706
142,1707
142,1708
142,1709
142,1710
143,1711
143,1712
143,1713
143,1714
143,1715
144,1716
144,1717
144,1718
144,1719
144,1720
145,1721
145,1722
145,1723
145,1724
145,1725
146,1726
146,1727
146,1728
146,1729
146,1730
147,1731
147,1732
147,1733
147,1734
147,1735
148,1736
148,1737
148,1738
148,1739
148,1740
149,1741
149,1742
149,1743
149,1744
149,1745
150,1746
150,1747
150,1748
150,1749
150,1750
151,1751
151,1752
151,1753
151,1754
151,1755
152,1756
152,1757
152,1758
152,1759
152,1760
153,1761
153,1762
153,1763
153,1764
153,1765
154,1766
154,1767
154,1768
154,1769
154,1770
155,1771
155,1772
155,1773
155,1774
155,1775
156,1776
156,1777
156,1778
156,1779
156,1780
157,1781
157,1782
157,1783
157,1784
157,1785
158,1786
158,1787
158,1788
158,1789
158,1790
159,1791
159,1792
159,1793
159,1794
159,1795
160,1796
160,1797
160,1798
160,1799
160,1800
161,1801
161,1802
161,1803
161,1804
161,1805
162,1806
162,1807
162,1808
162,1809
162,1810
163,1811
163,1812
163,1813
163,1814
163,1815
164,1816
164,1817
164,1818
164,1819
164,1820
165,1821
165,1822
165,1823
165,1824
165,1825
166,1826
166,1827
166,1828
166,1829
166,1830
167,1831
167,1832
167,1833
167,1834
167,1835
168,1836
168,1837
168,1838
168,1839
168,1840
169,1841
169,1842
169,1843
169,1844
169,1845
170,1846
170,1847
170,1848
170,1849
170,1850
171,1851
171,1852
171,1853
171,1854
171,1855
172,1856
172,1857
172,1858
172,1859
172,1860
173,1861
173,1862
173,1863
173,1864
173,1865
174,1866
174,1867
174,1868
174,1869
174,1870
175,1871
175,1872
175,1873
175,1874
175,1875
176,1876
176,1877
176,1878
176,1879
176,1880
177,1881
177,1882
177,1883
177,1884
177,1885
178,1886
178,1887
178,1888
178,1889
178,1890
179,1891
179,1892
179,1893
179,1894
179,1895
180,1896
180,1897
180,1898
180,1899
180,1900
181,1901
181,1902
181,1903
181,1904
181,1905
182,1906
182,1907
182,1908
182,1909
182,1910
183,1911
183,1912
183,1913
183,1914
183,1915
184,1916
184,1917
184,1918
184,1919
184,1920
185,1921
185,1922
185,1923
185,1924
185,1925
186,1926
186,1927
186,1928
186,1929
186,1930
187,1931
187,1932
187,1933
187,1934
187,1935
188,1936
188,1937
188,1938
188,1939
188,1940
189,1941
189,1942
189,1943
189,1944
189,1945
190,1946
190,1947
190,1948
190,1949
190,1950
191,1951
191,1952
191,1953
191,1954
191,1955
192,1956
192,1957
192,1958
192,1959
192,1960
193,1961
193,1962
193,1963
193,1964
193,1965
194,1966
194,1967
194,1968
194,1969
194,1970
195,1971
195,1972
195,1973
195,1974
195,1975
196,1976
196,1977
196,1978
196,1979
196,1980
197,1981
197,1982
197,1983
197,1984
197,1985
198,1986
198,1987
198,1988
198,1989
198,1990
199,1991
199,1992
199,1993
199,1994
199,1995
200,1996
200,1997
200,1998
200,1999
200,2000
201,2001
201,2002
201,2003
201,2004
201,2005
202,2006
202,2007
202,2008
202,2009
202,2010
203,2011
203,2012
203,2013
203,2014
203,2015
204,2016
204,2017
204,2018
204,2019
204,2020
205,2021
205,2022
205,2023
205,2024
205,2025
206,2026
206,2027
206,2028
206,2029
206,2030
207,2031
207,2032
207,2033
207,2034
207,2035
208,2036
208,2037
208,2038
208,2039
208,2040
209,2041
209,2042
209,2043
209,2044
209,2045
210,2046
210,2047
210,2048
210,2049
210,2050
211,2051
211,2052
211,2053
211,2054
211,2055
212,2056
212,2057
212,2058
212,2059
212,2060
213,2061
213,2062
213,2063
213,2064
213,2065
214,2066
214,2067
214,2068
214,2069
214,2070
215,2071
215,2072
215,2073
215,2074
215,2075
216,2076
216,2077
216,2078
216,2079
216,2080
217,2081
217,2082
217,2083
217,2084
217,2085
218,2086
218,2087
218,2088
218,2089
218,2090
219,2091
219,2092
219,2093
219,2094
219,2095
220,2096
220,2097
220,2098
220,2099
220,2100
221,2101
221,2102
221,2103
221,2104
221,2105
222,2106
222,2107
222,2108
222,2109
222,2110
223,2111
223,2112
223,2113
223,2114
223,2115
224,2116
224,2117
224,2118
224,2119
224,2120
225,2121
225,2122
225,2123
225,2124
225,2125
226,2126
226,2127
226,2128
226,2129
226,2130
227,2131
227,2132
227,2133
227,2134
227,2135
228,2136
228,2137
228,2138
228,2139
228,2140
229,2141
229,2142
229,2143
229,2144
229,2145
230,2146
230,2147
230,2148
230,2149
230,2150
231,2151
231,2152
231,2153
231,2154
231,2155
232,2156
232,2157
232,2158
232,2159
232,2160
233,2161
233,2162
233,2163
233,2164
233,2165
234,2166
234,2167
234,2168
234,2169
234,2170
235,2171
235,2172
235,2173
235,2174
235,2175
236,2176
236,2177
236,2178
236,2179
236,2180
237,2181
237,2182
237,2183
237,2184
237,2185
238,2186
238,2187
238,2188
238,2189
238,2190
239,2191
239,2192
239,2193
239,2194
239,2195
240,2196
240,2197
240,2198
240,2199
240,2200
241,2201
241,2202
241,2203
241,2204
241,2205
242,2206
242,2207
242,2208
242,2209
242,2210
243,2211
243,2212
243,2213
243,2214
243,2215
244,2216
244,2217
244,2218
244,2219
244,2220
245,2221
245,2222
245,2223
245,2224
245,2225
246,2226
246,2227
246,2228
246,2229
246,2230
247,2231
247,2232
247,2233
247,2234
247,2235
248,2236
248,2237
248,2238
248,2239
248,2240
249,2241
249,2242
249,2243
249,2244
249,2245
250,2246
250,2247
250,2248
250,2249
250,2250
251,2251
251,2252
251,2253
251,2254
251,2255
252,2256
252,2257
252,2258
252,2259
252,2260
253,2261
253,2262
253,2263
253,2264
253,2265
254,2266
254,2267
254,2268
254,2269
254,2270
255,2271
255,2272
255,2273
255,2274
255,2275
256,2276
256,2277
256,2278
256,2279
256,2280
257,2281
257,2282
257,2283
257,2284
257,2285
258,2286
258,2287
258,2288
258,2289
258,2290
259,2291
259,2292
259,2293
259,2294
259,2295
260,2296
260,2297
260,2298
260,2299
260,2300
261,2301
261,2302
261,2303
261,2304
261,2305
262,2306
262,2307
262,2308
262,2309
262,2310
263,2311
263,2312
263,2313
263,2314
263,2315
264,2316
264,2317
264,2318
264,2319
264,2320
265,2321
265,2322
265,2323
265,2324
265,2325
266,2326
266,2327
266,2328
266,2329
266,2330
267,2331
267,2332
267,2333
267,2334
267,2335
268,2336
268,2337
268,2338
268,2339
268,2340
269,2341
269,2342
269,2343
269,2344
269,2345
270,2346
270,2347
270,2348
270,2349
270,2350
271,2351
271,2352
271,2353
271,2354
271,2355
272,2356
272,2357
272,2358
272,2359
272,2360
273,2361
273,2362
273,2363
273,2364
273,2365
274,2366
274,2367
274,2368
274,2369
274,2370
275,2371
275,2372
275,2373
275,2374
275,2375
276,2376
276,2377
276,2378
276,2379
276,2380
277,2381
277,2382
277,2383
277,2384
277,2385
278,2386
278,2387
278,2388
278,2389
278,2390
279,2391
279,2392
279,2393
279,2394
279,2395
280,2396
280,2397
280,2398
280,2399
280,2400
281,2401
281,2402
281,2403
281,2404
281,2405
282,2406
282,2407
282,2408
282,2409
282,2410
283,2411
283,2412
283,2413
283,2414
283,2415
284,2416
284,2417
284,2418
284,2419
284,2420
285,2421
285,2422
285,2423
285,2424
285,2425
286,2426
286,2427
286,2428
286,2429
286,2430
287,2431
287,2432
287,2433
287,2434
287,2435
288,2436
288,2437
288,2438
288,2439
288,2440
289,2441
289,2442
289,2443
289,2444
289,2445
290,2446
290,2447
290,2448
290,2449
290,2450
291,2451
291,2452
291,2453
291,2454
291,2455
292,2456
292,2457
292,2458
292,2459
292,2460
293,2461
293,2462
293,2463
293,2464
293,2465
294,2466
294,2467
294,2468
294,2469
294,2470
295,2471
295,2472
295,2473
295,2474
295,2475
296,2476
296,2477
296,2478
296,2479
296,2480
297,2481
297,2482
297,2483
297,2484
297,2485
298,2486
298,2487
298,2488
298,2489
298,2490
299,2491
299,2492
299,2493
299,2494
299,2495
300,2496
300,2497
300,2498
300,2499
300,2500
301,2501
301,2502
301,2503
301,2504
301,2505
302,2506
302,2507
302,2508
302,2509
302,2510
303,2511
303,2512
303,2513
303,2514
303,2515
304,2516
304,2517
304,2518
304,2519
304,2520
305,2521
305,2522
305,2523
305,2524
305,2525
306,2526
306,2527
306,2528
306,2529
306,2530
307,2531
307,2532
307,2533
307,2534
307,2535
308,2536
308,2537
308,2538
308,2539
308,2540
309,2541
309,2542
309,2543
309,2544
309,2545
310,2546
310,2547
310,2548
310,2549
310,2550
311,2551
311,2552
311,2553
311,2554
311,2555
312,2556
312,2557
312,2558
312,2559
312,2560
313,2561
313,2562
313,2563
313,2564
313,2565
314,2566
314,2567
314,2568
314,2569
314,2570
315,2571
315,2572
315,2573
315,2574
315,2575
316,2576
316,2577
316,2578
316,2579
316,2580
317,2581
317,2582
317,2583
317,2584
317,2585
318,2586
318,2587
318,2588
318,2589
318,2590
319,2591
319,2592
319,2593
319,2594
319,2595
320,2596
320,2597
320,2598
320,2599
320,2600
321,2601
321,2602
321,2603
321,2604
321,2605
322,2606
322,2607
322,2608
322,2609
322,2610
323,2611
323,2612
323,2613
323,2614
323,2615
324,2616
324,2617
324,2618
324,2619
324,2620
325,2621
325,2622
325,2623
325,2624
325,2625
326,2626
326,2627
326,2628
326,2629
326,2630
327,2631
327,2632
327,2633
327,2634
327,2635
328,2636
328,2637
328,2638
328,2639
328,2640
329,2641
329,2642
329,2643
329,2644
329,2645
330,2646
330,2647
330,2648
330,2649
330,2650
331,2651
331,2652
331,2653
331,2654
331,2655
332,2656
332,2657
332,2658
332,2659
332,2660
333,2661
333,2662
333,2663
333,2664
333,2665
334,2666
334,2667
334,2668
334,2669
334,2670
335,2671
335,2672
335,2673
335,2674
335,2675
336,2676
336,2677
336,2678
336,2679
336,2680
337,2681
337,2682
337,2683
337,2684
337,2685
338,2686
338,2687
338,2688
338,2689
338,2690
339,2691
339,2692
339,2693
339,2694
339,2695
340,2696
340,2697
340,2698
340,2699
340,2700
341,2701
341,2702
341,2703
341,2704
341,2705
342,2706
342,2707
342,2708
342,2709
342,2710
343,2711
343,2712
343,2713
343,2714
343,2715
344,2716
344,2717
344,2718
344,2719
344,2720
345,2721
345,2722
345,2723
345,2724
345,2725
346,2726
346,2727
346,2728
346,2729
346,2730
347,2731
347,2732
347,2733
347,2734
347,2735
348,2736
348,2737
348,2738
348,2739
348,2740
349,2741
349,2742
349,2743
349,2744
349,2745
350,2746
350,2747
350,2748
350,2749
350,2750
351,2751
351,2752
351,2753
351,2754
351,2755
352,2756
352,2757
352,2758
352,2759
352,2760
353,2761
353,2762
353,2763
353,2764
353,2765
354,2766
354,2767
354,2768
354,2769
354,2770
355,2771
355,2772
355,2773
355,2774
355,2775
356,2776
356,2777
356,2778
356,2779
356,2780
357,2781
357,2782
357,2783
357,2784
357,2785
358,2786
358,2787
358,2788
358,2789
358,2790
359,2791
359,2792
359,2793
359,2794
359,2795
360,2796
360,2797
360,2798
360,2799
360,2800
361,2801
361,2802
361,2803
361,2804
361,2805
362,2806
362,2807
362,2808
362,2809
362,2810
363,2811
363,2812
363,2813
363,2814
363,2815
364,2816
364,2817
364,2818
364,2819
364,2820
365,2821
365,2822
365,2823
365,2824
365,2825
366,2826
366,2827
366,2828
366,2829
366,2830
367,2831
367,2832
367,2833
367,2834
367,2835
368,2836
368,2837
368,2838
368,2839
368,2840
369,2841
369,2842
369,2843
369,2844
369,2845
370,2846
370,2847
370,2848
370,2849
370,2850
371,2851
371,2852
371,2853
371,2854
371,2855
372,2856
372,2857
372,2858
372,2859
372,2860
373,2861
373,2862
373,2863
373,2864
373,2865
374,2866
374,2867
374,2868
374,2869
374,2870
375,2871
375,2872
375,2873
375,2874
375,2875
376,2876
376,2877
376,2878
376,2879
376,2880
377,2881
377,2882
377,2883
377,2884
377,2885
378,2886
378,2887
378,2888
378,2889
378,2890
379,2891
379,2892
379,2893
379,2894
379,2895
380,2896
380,2897
380,2898
380,2899
380,2900
381,2901
381,2902
381,2903
381,2904
381,2905
382,2906
382,2907
382,2908
382,2909
382,2910
383,2911
383,2912
383,2913
383,2914
383,2915
384,2916
384,2917
384,2918
384,2919
384,2920
385,2921
385,2922
385,2923
385,2924
385,2925
386,2926
386,2927
386,2928
386,2929
386,2930
387,2931
387,2932
387,2933
387,2934
387,2935
388,2936
388,2937
388,2938
388,2939
388,2940
389,2941
389,2942
389,2943
389,2944
389,2945
390,2946
390,2947
390,2948
390,2949
390,2950
391,2951
391,2952
391,2953
391,2954
391,2955
392,2956
392,2957
392,2958
392,2959
392,2960
393,2961
393,2962
393,2963
393,2964
393,2965
394,2966
394,2967
394,2968
394,2969
394,2970
395,2971
395,2972
395,2973
395,2974
395,2975
396,2976
396,2977
396,2978
396,2979
396,2980
397,2981
397,2982
397,2983
397,2984
397,2985
398,2986
398,2987
398,2988
398,2989
398,2990
399,2991
399,2992
399,2993
399,2994
399,2995
400,2996
400,2997
400,2998
400,2999
400,3000
401,3001
401,3002
401,3003
401,3004
401,3005
402,3006
402,3007
402,3008
402,3009
402,3010
403,3011
403,3012
403,3013
403,3014
403,3015
404,3016
404,3017
404,3018
404,3019
404,3020
405,3021
405,3022
405,3023
405,3024
405,3025
406,3026
406,3027
406,3028
406,3029
406,3030
407,3031
407,3032
407,3033
407,3034
407,3035
408,3036
408,3037
408,3038
408,3039
408,3040
409,3041
409,3042
409,3043
409,3044
409,3045
410,3046
410,3047
410,3048
410,3049
410,3050
411,3051
411,3052
411,3053
411,3054
411,3055
412,3056
412,3057
412,3058
412,3059
412,3060
413,3061
413,3062
413,3063
413,3064
413,3065
414,3066
414,3067
414,3068
414,3069
414,3070
415,3071
415,3072
415,3073
415,3074
415,3075
416,3076
416,3077
416,3078
416,3079
416,3080
417,3081
417,3082
417,3083
417,3084
417,3085
418,3086
418,3087
418,3088
418,3089
418,3090
419,3091
419,3092
419,3093
419,3094
419,3095
420,3096
420,3097
420,3098
420,3099
420,3100
421,3101
421,3102
421,3103
421,3104
421,3105
422,3106
422,3107
422,3108
422,3109
422,3110
423,3111
423,3112
423,3113
423,3114
423,3115
424,3116
424,3117
424,3118
424,3119
424,3120
425,3121
425,3122
425,3123
425,3124
425,3125
426,3126
426,3127
426,3128
426,3129
426,3130
427,3131
427,3132
427,3133
427,3134
427,3135
428,3136
428,3137
428,3138
428,3139
428,3140
429,3141
429,3142
429,3143
429,3144
429,3145
430,3146
430,3147
430,3148
430,3149
430,3150
431,3151
431,3152
431,3153
431,3154
431,3155
432,3156
432,3157
432,3158
432,3159
432,3160
433,3161
433,3162
433,3163
433,3164
433,3165
434,3166
434,3167
434,3168
434,3169
434,3170
435,3171
435,3172
435,3173
435,3174
435,3175
436,3176
436,3177
436,3178
436,3179
436,3180
437,3181
437,3182
437,3183
437,3184
437,3185
438,3186
438,3187
438,3188
438,3189
438,3190
439,3191
439,3192
439,3193
439,3194
439,3195
440,3196
440,3197
440,3198
440,3199
440,3200
441,3201
441,3202
441,3203
441,3204
441,3205
442,3206
442,3207
442,3208
442,3209
442,3210
443,3211
443,3212
443,3213
443,3214
443,3215
444,3216
444,3217
444,3218
444,3219
444,3220
445,3221
445,3222
445,3223
445,3224
445,3225
446,3226
446,3227
446,3228
446,3229
446,3230
447,3231
447,3232
447,3233
447,3234
447,3235
448,3236
448,3237
448,3238
448,3239
448,3240
449,3241
449,3242
449,3243
449,3244
449,3245
450,3246
450,3247
450,3248
450,3249
450,3250
451,3251
451,3252
451,3253
451,3254
451,3255
452,3256
452,3257
452,3258
452,3259
452,3260
453,3261
453,3262
453,3263
453,3264
453,3265
454,3266
454,3267
454,3268
454,3269
454,3270
455,3271
455,3272
455,3273
455,3274
455,3275
456,3276
456,3277
456,3278
456,3279
456,3280
457,3281
457,3282
457,3283
457,3284
457,3285
458,3286
458,3287
458,3288
458,3289
458,3290
459,3291
459,3292
459,3293
459,3294
459,3295
460,3296
460,3297
460,3298
460,3299
460,3300
461,3301
461,3302
461,3303
461,3304
461,3305
462,3306
462,3307
462,3308
462,3309
462,3310
463,3311
463,3312
463,3313
463,3314
463,3315
464,3316
464,3317
464,3318
464,3319
464,3320
465,3321
465,3322
465,3323
465,3324
465,3325
466,3326
466,3327
466,3328
466,3329
466,3330
467,3331
467,3332
467,3333
467,3334
467,3335
468,3336
468,3337
468,3338
468,3339
468,3340
469,3341
469,3342
469,3343
469,3344
469,3345
470,3346
470,3347
470,3348
470,3349
470,3350
471,3351
471,3352
471,3353
471,3354
471,3355
472,3356
472,3357
472,3358
472,3359
472,3360
473,3361
473,3362
473,3363
473,3364
473,3365
474,3366
474,3367
474,3368
474,3369
474,3370
475,3371
475,3372
475,3373
475,3374
475,3375
476,3376
476,3377
476,3378
476,3379
476,3380
477,3381
477,3382
477,3383
477,3384
477,3385
478,3386
478,3387
478,3388
478,3389
478,3390
479,3391
479,3392
479,3393
479,3394
479,3395
480,3396
480,3397
480,3398
480,3399
480,3400
481,3401
481,3402
481,3403
481,3404
481,3405
482,3406
482,3407
482,3408
482,3409
482,3410
483,3411
483,3412
483,3413
483,3414
483,3415
484,3416
484,3417
484,3418
484,3419
484,3420
485,3421
485,3422
485,3423
485,3424
485,3425
486,3426
486,3427
486,3428
486,3429
486,3430
487,3431
487,3432
487,3433
487,3434
487,3435
488,3436
488,3437
488,3438
488,3439
488,3440
489,3441
489,3442
489,3443
489,3444
489,3445
490,3446
490,3447
490,3448
490,3449
490,3450
491,3451
491,3452
491,3453
491,3454
491,3455
492,3456
492,3457
492,3458
492,3459
492,3460
493,3461
493,3462
493,3463
493,3464
493,3465
494,3466
494,3467
494,3468
494,3469
494,3470
495,3471
495,3472
495,3473
495,3474
495,3475
496,3476
496,3477
496,3478
496,3479
496,3480
497,3481
497,3482
497,3483
497,3484
497,3485
498,3486
498,3487
498,3488
498,3489
498,3490
499,3491
499,3492
499,3493
499,3494
499,3495
500,3496
500,3497
500,3498
500,3499
500,3500
501,3501
501,3502
501,3503
501,3504
501,3505
502,3506
502,3507
502,3508
502,3509
502,3510
503,3511
503,3512
503,3513
503,3514
503,3515
504,3516
504,3517
504,3518
504,3519
504,3520
505,3521
505,3522
505,3523
505,3524
505,3525
506,3526
506,3527
506,3528
506,3529
506,3530
507,3531
507,3532
507,3533
507,3534
507,3535
508,3536
508,3537
508,3538
508,3539
508,3540
509,3541
509,3542
509,3543
509,3544
509,3545
510,3546
510,3547
510,3548
510,3549
510,3550
511,3551
511,3552
511,3553
511,3554
511,3555
512,3556
512,3557
512,3558
512,3559
512,3560
513,3561
513,3562
513,3563
513,3564
513,3565
514,3566
514,3567
514,3568
514,3569
514,3570
515,3571
515,3572
515,3573
515,3574
515,3575
516,3576
516,3577
516,3578
516,3579
516,3580
517,3581
517,3582
517,3583
517,3584
517,3585
518,3586
518,3587
518,3588
518,3589
518,3590
519,3591
519,3592
519,3593
519,3594
519,3595
520,3596
520,3597
520,3598
520,3599
520,3600
521,3601
521,3602
521,3603
521,3604
521,3605
522,3606
522,3607
522,3608
522,3609
522,3610
523,3611
523,3612
523,3613
523,3614
523,3615
524,3616
524,3617
524,3618
524,3619
524,3620
525,3621
525,3622
525,3623
525,3624
525,3625
526,3626
526,3627
526,3628
526,3629
526,3630
527,3631
527,3632
527,3633
527,3634
527,3635
528,3636
528,3637
528,3638
528,3639
528,3640
529,3641
529,3642
529,3643
529,3644
529,3645
530,3646
530,3647
530,3648
530,3649
530,3650
531,3651
531,3652
531,3653
531,3654
531,3655
532,3656
532,3657
532,3658
532,3659
532,3660
533,3661
533,3662
533,3663
533,3664
533,3665
534,3666
534,3667
534,3668
534,3669
534,3670
535,3671
535,3672
535,3673
535,3674
535,3675
536,3676
536,3677
536,3678
536,3679
536,3680
537,3681
537,3682
537,3683
537,3684
537,3685
538,3686
538,3687
538,3688
538,3689
538,3690
539,3691
539,3692
539,3693
539,3694
539,3695
540,3696
540,3697
540,3698
540,3699
540,3700
541,3701
541,3702
541,3703
541,3704
541,3705
542,3706
542,3707
542,3708
542,3709
542,3710
543,3711
543,3712
543,3713
543,3714
543,3715
544,3716
544,3717
544,3718
544,3719
544,3720
545,3721
545,3722
545,3723
545,3724
545,3725
546,3726
546,3727
546,3728
546,3729
546,3730
547,3731
547,3732
547,3733
547,3734
547,3735
548,3736
548,3737
548,3738
548,3739
548,3740
549,3741
549,3742
549,3743
549,3744
549,3745
550,3746
550,3747
550,3748
550,3749
550,3750
551,3751
551,3752
551,3753
551,3754
551,3755
552,3756
552,3757
552,3758
552,3759
552,3760
553,3761
553,3762
553,3763
553,3764
553,3765
554,3766
554,3767
554,3768
554,3769
554,3770
555,3771
555,3772
555,3773
555,3774
555,3775
556,3776
556,3777
556,3778
556,3779
556,3780
557,3781
557,3782
557,3783
557,3784
557,3785
558,3786
558,3787
558,3788
558,3789
558,3790
559,3791
559,3792
559,3793
559,3794
559,3795
560,3796
560,3797
560,3798
560,3799
560,3800
561,3801
561,3802
561,3803
561,3804
561,3805
562,3806
562,3807
562,3808
562,3809
562,3810
563,3811
563,3812
563,3813
563,3814
563,3815
564,3816
564,3817
564,3818
564,3819
564,3820
565,3821
565,3822
565,3823
565,3824
565,3825
566,3826
566,3827
566,3828
566,3829
566,3830
567,3831
567,3832
567,3833
567,3834
567,3835
568,3836
568,3837
568,3838
568,3839
568,3840
569,3841
569,3842
569,3843
569,3844
569,3845
570,3846
570,3847
570,3848
570,3849
570,3850
571,3851
571,3852
571,3853
571,3854
571,3855
572,3856
572,3857
572,3858
572,3859
572,3860
573,3861
573,3862
573,3863
573,3864
573,3865
574,3866
574,3867
574,3868
574,3869
574,3870
575,3871
575,3872
575,3873
575,3874
575,3875
576,3876
576,3877
576,3878
576,3879
576,3880
577,3881
577,3882
577,3883
577,3884
577,3885
578,3886
578,3887
578,3888
578,3889
578,3890
579,3891
579,3892
579,3893
579,3894
579,3895
580,3896
580,3897
580,3898
580,3899
580,3900
581,3901
581,3902
581,3903
581,3904
581,3905
582,3906
582,3907
582,3908
582,3909
582,3910
583,3911
583,3912
583,3913
583,3914
583,3915
584,3916
584,3917
584,3918
584,3919
584,3920
585,3921
585,3922
585,3923
585,3924
585,3925
586,3926
586,3927
586,3928
586,3929
586,3930
587,3931
587,3932
587,3933
587,3934
587,3935
588,3936
588,3937
588,3938
588,3939
588,3940
589,3941
589,3942
589,3943
589,3944
589,3945
590,3946
590,3947
590,3948
590,3949
590,3950
591,3951
591,3952
591,3953
591,3954
591,3955
592,3956
592,3957
592,3958
592,3959
592,3960
593,3961
593,3962
593,3963
593,3964
593,3965
594,3966
594,3967
594,3968
594,3969
594,3970
595,3971
595,3972
595,3973
595,3974
595,3975
596,3976
596,3977
596,3978
596,3979
596,3980
597,3981
597,3982
597,3983
597,3984
597,3985
598,3986
598,3987
598,3988
598,3989
598,3990
599,3991
599,3992
599,3993
599,3994
599,3995
600,3996
600,3997
600,3998
600,3999
600,4000
601,4001
601,4002
601,4003
601,4004
601,4005
602,4006
602,4007
602,4008
602,4009
602,4010
603,4011
603,4012
603,4013
603,4014
603,4015
604,4016
604,4017
604,4018
604,4019
604,4020
605,4021
605,4022
605,4023
605,4024
605,4025
606,4026
606,4027
606,4028
606,4029
606,4030
607,4031
607,4032
607,4033
607,4034
607,4035
608,4036
608,4037
608,4038
608,4039
608,4040
609,4041
609,4042
609,4043
609,4044
609,4045
610,4046
610,4047
610,4048
610,4049
610,4050
611,4051
611,4052
611,4053
611,4054
611,4055
612,4056
612,4057
612,4058
612,4059
612,4060
613,4061
613,4062
613,4063
613,4064
613,4065
614,4066
614,4067
614,4068
614,4069
614,4070
615,4071
615,4072
615,4073
615,4074
615,4075
616,4076
616,4077
616,4078
616,4079
616,4080
617,4081
617,4082
617,4083
617,4084
617,4085
618,4086
618,4087
618,4088
618,4089
618,4090
619,4091
619,4092
619,4093
619,4094
619,4095
620,4096
620,4097
620,4098
620,4099
620,4100
621,4101
621,4102
621,4103
621,4104
621,4105
622,4106
622,4107
622,4108
622,4109
622,4110
623,4111
623,4112
623,4113
623,4114
623,4115
624,4116
624,4117
624,4118
624,4119
624,4120
625,4121
625,4122
625,4123
625,4124
625,4125
626,4126
626,4127
626,4128
626,4129
626,4130
627,4131
627,4132
627,4133
627,4134
627,4135
628,4136
628,4137
628,4138
628,4139
628,4140
629,4141
629,4142
629,4143
629,4144
629,4145
630,4146
630,4147
630,4148
630,4149
630,4150
631,4151
631,4152
631,4153
631,4154
631,4155
632,4156
632,4157
632,4158
632,4159
632,4160
633,4161
633,4162
633,4163
633,4164
633,4165
634,4166
634,4167
634,4168
634,4169
634,4170
635,4171
635,4172
635,4173
635,4174
635,4175
636,4176
636,4177
636,4178
636,4179
636,4180
637,4181
637,4182
637,4183
637,4184
637,4185
638,4186
638,4187
638,4188
638,4189
638,4190
639,4191
639,4192
639,4193
639,4194
639,4195
640,4196
640,4197
640,4198
640,4199
640,4200
641,4201
641,4202
641,4203
641,4204
641,4205
642,4206
642,4207
642,4208
642,4209
642,4210
643,4211
643,4212
643,4213
643,4214
643,4215
644,4216
644,4217
644,4218
644,4219
644,4220
645,4221
645,4222
645,4223
645,4224
645,4225
646,4226
646,4227
646,4228
646,4229
646,4230
647,4231
647,4232
647,4233
647,4234
647,4235
648,4236
648,4237
648,4238
648,4239
648,4240
649,4241
649,4242
649,4243
649,4244
649,4245
650,4246
650,4247
650,4248
650,4249
650,4250
651,4251
651,4252
651,4253
651,4254
651,4255
652,4256
652,4257
652,4258
652,4259
652,4260
653,4261
653,4262
653,4263
653,4264
653,4265
654,4266
654,4267
654,4268
654,4269
654,4270
655,4271
655,4272
655,4273
655,4274
655,4275
656,4276
656,4277
656,4278
656,4279
656,4280
657,4281
657,4282
657,4283
657,4284
657,4285
658,4286
658,4287
658,4288
658,4289
658,4290
659,4291
659,4292
659,4293
659,4294
659,4295
660,4296
660,4297
660,4298
660,4299
660,4300
661,4301
661,4302
661,4303
661,4304
661,4305
662,4306
662,4307
662,4308
662,4309
662,4310
663,4311
663,4312
663,4313
663,4314
663,4315
664,4316
664,4317
664,4318
664,4319
664,4320
665,4321
665,4322
665,4323
665,4324
665,4325
666,4326
666,4327
666,4328
666,4329
666,4330
667,4331
667,4332
667,4333
667,4334
667,4335
668,4336
668,4337
668,4338
668,4339
668,4340
669,4341
669,4342
669,4343
669,4344
669,4345
670,4346
670,4347
670,4348
670,4349
670,4350
671,4351
671,4352
671,4353
671,4354
671,4355
672,4356
672,4357
672,4358
672,4359
672,4360
673,4361
673,4362
673,4363
673,4364
673,4365
674,4366
674,4367
674,4368
674,4369
674,4370
675,4371
675,4372
675,4373
675,4374
675,4375
676,4376
676,4377
676,4378
676,4379
676,4380
677,4381
677,4382
677,4383
677,4384
677,4385
678,4386
678,4387
678,4388
678,4389
678,4390
679,4391
679,4392
679,4393
679,4394
679,4395
680,4396
680,4397
680,4398
680,4399
680,4400
681,4401
681,4402
681,4403
681,4404
681,4405
682,4406
682,4407
682,4408
682,4409
682,4410
683,4411
683,4412
683,4413
683,4414
683,4415
684,4416
684,4417
684,4418
684,4419
684,4420
685,4421
685,4422
685,4423
685,4424
685,4425
686,4426
686,4427
686,4428
686,4429
686,4430
687,4431
687,4432
687,4433
687,4434
687,4435
688,4436
688,4437
688,4438
688,4439
688,4440
689,4441
689,4442
689,4443
689,4444
689,4445
690,4446
690,4447
690,4448
690,4449
690,4450
691,4451
691,4452
691,4453
691,4454
691,4455
692,4456
692,4457
692,4458
692,4459
692,4460
693,4461
693,4462
693,4463
693,4464
693,4465
694,4466
694,4467
694,4468
694,4469
694,4470
695,4471
695,4472
695,4473
695,4474
695,4475
696,4476
696,4477
696,4478
696,4479
696,4480
697,4481
697,4482
697,4483
697,4484
697,4485
698,4486
698,4487
698,4488
698,4489
698,4490
699,4491
699,4492
699,4493
699,4494
699,4495
700,4496
700,4497
700,4498
700,4499
700,4500
701,4501
701,4502
701,4503
701,4504
701,4505
702,4506
702,4507
702,4508
702,4509
702,4510
703,4511
703,4512
703,4513
703,4514
703,4515
704,4516
704,4517
704,4518
704,4519
704,4520
705,4521
705,4522
705,4523
705,4524
705,4525
706,4526
706,4527
706,4528
706,4529
706,4530
707,4531
707,4532
707,4533
707,4534
707,4535
708,4536
708,4537
708,4538
708,4539
708,4540
709,4541
709,4542
709,4543
709,4544
709,4545
710,4546
710,4547
710,4548
710,4549
710,4550
711,4551
711,4552
711,4553
711,4554
711,4555
712,4556
712,4557
712,4558
712,4559
712,4560
713,4561
713,4562
713,4563
713,4564
713,4565
714,4566
714,4567
714,4568
714,4569
714,4570
715,4571
715,4572
715,4573
715,4574
715,4575
716,4576
716,4577
716,4578
716,4579
716,4580
717,4581
717,4582
717,4583
717,4584
717,4585
718,4586
718,4587
718,4588
718,4589
718,4590
719,4591
719,4592
719,4593
719,4594
719,4595
720,4596
720,4597
720,4598
720,4599
720,4600
721,4601
721,4602
721,4603
721,4604
721,4605
722,4606
722,4607
722,4608
722,4609
722,4610
723,4611
723,4612
723,4613
723,4614
723,4615
724,4616
724,4617
724,4618
724,4619
724,4620
725,4621
725,4622
725,4623
725,4624
725,4625
726,4626
726,4627
726,4628
726,4629
726,4630
727,4631
727,4632
727,4633
727,4634
727,4635
728,4636
728,4637
728,4638
728,4639
728,4640
729,4641
729,4642
729,4643
729,4644
729,4645
730,4646
730,4647
730,4648
730,4649
730,4650
731,4651
731,4652
731,4653
731,4654
731,4655
732,4656
732,4657
732,4658
732,4659
732,4660
733,4661
733,4662
733,4663
733,4664
733,4665
734,4666
734,4667
734,4668
734,4669
734,4670
735,4671
735,4672
735,4673
735,4674
735,4675
736,4676
736,4677
736,4678
736,4679
736,4680
737,4681
737,4682
737,4683
737,4684
737,4685
738,4686
738,4687
738,4688
738,4689
738,4690
739,4691
739,4692
739,4693
739,4694
739,4695
740,4696
740,4697
740,4698
740,4699
740,4700
741,4701
741,4702
741,4703
741,4704
741,4705
742,4706
742,4707
742,4708
742,4709
742,4710
743,4711
743,4712
743,4713
743,4714
743,4715
744,4716
744,4717
744,4718
744,4719
744,4720
745,4721
745,4722
745,4723
745,4724
745,4725
746,4726
746,4727
746,4728
746,4729
746,4730
747,4731
747,4732
747,4733
747,4734
747,4735
748,4736
748,4737
748,4738
748,4739
748,4740
749,4741
749,4742
749,4743
749,4744
749,4745
750,4746
750,4747
750,4748
750,4749
750,4750
751,4751
751,4752
751,4753
751,4754
751,4755
752,4756
752,4757
752,4758
752,4759
752,4760
753,4761
753,4762
753,4763
753,4764
753,4765
754,4766
754,4767
754,4768
754,4769
754,4770
755,4771
755,4772
755,4773
755,4774
755,4775
756,4776
756,4777
756,4778
756,4779
756,4780
757,4781
757,4782
757,4783
757,4784
757,4785
758,4786
758,4787
758,4788
758,4789
758,4790
759,4791
759,4792
759,4793
759,4794
759,4795
760,4796
760,4797
760,4798
760,4799
760,4800
761,4801
761,4802
761,4803
761,4804
761,4805
762,4806
762,4807
762,4808
762,4809
762,4810
763,4811
763,4812
763,4813
763,4814
763,4815
764,4816
764,4817
764,4818
764,4819
764,4820
765,4821
765,4822
765,4823
765,4824
765,4825
766,4826
766,4827
766,4828
766,4829
766,4830
767,4831
767,4832
767,4833
767,4834
767,4835
768,4836
768,4837
768,4838
768,4839
768,4840
769,4841
769,4842
769,4843
769,4844
769,4845
770,4846
770,4847
770,4848
770,4849
770,4850
771,4851
771,4852
771,4853
771,4854
771,4855
772,4856
772,4857
772,4858
772,4859
772,4860
773,4861
773,4862
773,4863
773,4864
773,4865
774,4866
774,4867
774,4868
774,4869
774,4870
775,4871
775,4872
775,4873
775,4874
775,4875
776,4876
776,4877
776,4878
776,4879
776,4880
777,4881
777,4882
777,4883
777,4884
777,4885
778,4886
778,4887
778,4888
778,4889
778,4890
779,4891
779,4892
779,4893
779,4894
779,4895
780,4896
780,4897
780,4898
780,4899
780,4900
781,4901
781,4902
781,4903
781,4904
781,4905
782,4906
782,4907
782,4908
782,4909
782,4910
783,4911
783,4912
783,4913
783,4914
783,4915
784,4916
784,4917
784,4918
784,4919
784,4920
785,4921
785,4922
785,4923
785,4924
785,4925
786,4926
786,4927
786,4928
786,4929
786,4930
787,4931
787,4932
787,4933
787,4934
787,4935
788,4936
788,4937
788,4938
788,4939
788,4940
789,4941
789,4942
789,4943
789,4944
789,4945
790,4946
790,4947
790,4948
790,4949
790,4950
791,4951
791,4952
791,4953
791,4954
791,4955
792,4956
792,4957
792,4958
792,4959
792,4960
793,4961
793,4962
793,4963
793,4964
793,4965
794,4966
794,4967
794,4968
794,4969
794,4970
795,4971
795,4972
795,4973
795,4974
795,4975
796,4976
796,4977
796,4978
796,4979
796,4980
797,4981
797,4982
797,4983
797,4984
797,4985
798,4986
798,4987
798,4988
798,4989
798,4990
799,4991
799,4992
799,4993
799,4994
799,4995
800,4996
800,4997
800,4998
800,4999
800,5000
801,5001
801,5002
801,5003
801,5004
801,5005
802,5006
802,5007
802,5008
802,5009
802,5010
803,5011
803,5012
803,5013
803,5014
803,5015
804,5016
804,5017
804,5018
804,5019
804,5020
805,5021
805,5022
805,5023
805,5024
805,5025
806,5026
806,5027
806,5028
806,5029
806,5030
807,5031
807,5032
807,5033
807,5034
807,5035
808,5036
808,5037
808,5038
808,5039
808,5040
809,5041
809,5042
809,5043
809,5044
809,5045
810,5046
810,5047
810,5048
810,5049
810,5050
811,5051
811,5052
811,5053
811,5054
811,5055
812,5056
812,5057
812,5058
812,5059
812,5060
813,5061
813,5062
813,5063
813,5064
813,5065
814,5066
814,5067
814,5068
814,5069
814,5070
815,5071
815,5072
815,5073
815,5074
815,5075
816,5076
816,5077
816,5078
816,5079
816,5080
817,5081
817,5082
817,5083
817,5084
817,5085
818,5086
818,5087
818,5088
818,5089
818,5090
819,5091
819,5092
819,5093
819,5094
819,5095
820,5096
820,5097
820,5098
820,5099
820,5100
821,5101
821,5102
821,5103
821,5104
821,5105
822,5106
822,5107
822,5108
822,5109
822,5110
823,5111
823,5112
823,5113
823,5114
823,5115
824,5116
824,5117
824,5118
824,5119
824,5120
825,5121
825,5122
825,5123
825,5124
825,5125
826,5126
826,5127
826,5128
826,5129
826,5130
827,5131
827,5132
827,5133
827,5134
827,5135
828,5136
828,5137
828,5138
828,5139
828,5140
829,5141
829,5142
829,5143
829,5144
829,5145
830,5146
830,5147
830,5148
830,5149
830,5150
831,5151
831,5152
831,5153
831,5154
831,5155
832,5156
832,5157
832,5158
832,5159
832,5160
833,5161
833,5162
833,5163
833,5164
833,5165
834,5166
834,5167
834,5168
834,5169
834,5170
835,5171
835,5172
835,5173
835,5174
835,5175
836,5176
836,5177
836,5178
836,5179
836,5180
837,5181
837,5182
837,5183
837,5184
837,5185
838,5186
838,5187
838,5188
838,5189
838,5190
839,5191
839,5192
839,5193
839,5194
839,5195
840,5196
840,5197
840,5198
840,5199
840,5200
841,5201
841,5202
841,5203
841,5204
841,5205
842,5206
842,5207
842,5208
842,5209
842,5210
843,5211
843,5212
843,5213
843,5214
843,5215
844,5216
844,5217
844,5218
844,5219
844,5220
845,5221
845,5222
845,5223
845,5224
845,5225
846,5226
846,5227
846,5228
846,5229
846,5230
847,5231
847,5232
847,5233
847,5234
847,5235
848,5236
848,5237
848,5238
848,5239
848,5240
849,5241
849,5242
849,5243
849,5244
849,5245
850,5246
850,5247
850,5248
850,5249
850,5250
851,5251
851,5252
851,5253
851,5254
851,5255
852,5256
852,5257
852,5258
852,5259
852,5260
853,5261
853,5262
853,5263
853,5264
853,5265
854,5266
854,5267
854,5268
854,5269
854,5270
855,5271
855,5272
855,5273
855,5274
855,5275
856,5276
856,5277
856,5278
856,5279
856,5280
857,5281
857,5282
857,5283
857,5284
857,5285
858,5286
858,5287
858,5288
858,5289
858,5290
859,5291
859,5292
859,5293
859,5294
859,5295
860,5296
860,5297
860,5298
860,5299
860,5300
861,5301
861,5302
861,5303
861,5304
861,5305
862,5306
862,5307
862,5308
862,5309
862,5310
863,5311
863,5312
863,5313
863,5314
863,5315
864,5316
864,5317
864,5318
864,5319
864,5320
865,5321
865,5322
865,5323
865,5324
865,5325
866,5326
866,5327
866,5328
866,5329
866,5330
867,5331
867,5332
867,5333
867,5334
867,5335
868,5336
868,5337
868,5338
868,5339
868,5340
869,5341
869,5342
869,5343
869,5344
869,5345
870,5346
870,5347
870,5348
870,5349
870,5350
871,5351
871,5352
871,5353
871,5354
871,5355
872,5356
872,5357
872,5358
872,5359
872,5360
873,5361
873,5362
873,5363
873,5364
873,5365
874,5366
874,5367
874,5368
874,5369
874,5370
875,5371
875,5372
875,5373
875,5374
875,5375
876,5376
876,5377
876,5378
876,5379
876,5380
877,5381
877,5382
877,5383
877,5384
877,5385
878,5386
878,5387
878,5388
878,5389
878,5390
879,5391
879,5392
879,5393
879,5394
879,5395
880,5396
880,5397
880,5398
880,5399
880,5400
881,5401
881,5402
881,5403
881,5404
881,5405
882,5406
882,5407
882,5408
882,5409
882,5410
883,5411
883,5412
883,5413
883,5414
883,5415
884,5416
884,5417
884,5418
884,5419
884,5420
885,5421
885,5422
885,5423
885,5424
885,5425
886,5426
886,5427
886,5428
886,5429
886,5430
887,5431
887,5432
887,5433
887,5434
887,5435
888,5436
888,5437
888,5438
888,5439
888,5440
889,5441
889,5442
889,5443
889,5444
889,5445
890,5446
890,5447
890,5448
890,5449
890,5450
891,5451
891,5452
891,5453
891,5454
891,5455
892,5456
892,5457
892,5458
892,5459
892,5460
893,5461
893,5462
893,5463
893,5464
893,5465
894,5466
894,5467
894,5468
894,5469
894,5470
895,5471
895,5472
895,5473
895,5474
895,5475
896,5476
896,5477
896,5478
896,5479
896,5480
897,5481
897,5482
897,5483
897,5484
897,5485
898,5486
898,5487
898,5488
898,5489
898,5490
899,5491
899,5492
899,5493
899,5494
899,5495
900,5496
900,5497
900,5498
900,5499
900,5500
901,5501
901,5502
901,5503
901,5504
901,5505
902,5506
902,5507
902,5508
902,5509
902,5510
903,5511
903,5512
903,5513
903,5514
903,5515
904,5516
904,5517
904,5518
904,5519
904,5520
905,5521
905,5522
905,5523
905,5524
905,5525
906,5526
906,5527
906,5528
906,5529
906,5530
907,5531
907,5532
907,5533
907,5534
907,5535
908,5536
908,5537
908,5538
908,5539
908,5540
909,5541
909,5542
909,5543
909,5544
909,5545
910,5546
910,5547
910,5548
910,5549
910,5550
911,5551
911,5552
911,5553
911,5554
911,5555
912,5556
912,5557
912,5558
912,5559
912,5560
913,5561
913,5562
913,5563
913,5564
913,5565
914,5566
914,5567
914,5568
914,5569
914,5570
915,5571
915,5572
915,5573
915,5574
915,5575
916,5576
916,5577
916,5578
916,5579
916,5580
917,5581
917,5582
917,5583
917,5584
917,5585
918,5586
918,5587
918,5588
918,5589
918,5590
919,5591
919,5592
919,5593
919,5594
919,5595
920,5596
920,5597
920,5598
920,5599
920,5600
921,5601
921,5602
921,5603
921,5604
921,5605
922,5606
922,5607
922,5608
922,5609
922,5610
923,5611
923,5612
923,5613
923,5614
923,5615
924,5616
924,5617
924,5618
924,5619
924,5620
925,5621
925,5622
925,5623
925,5624
925,5625
926,5626
926,5627
926,5628
926,5629
926,5630
927,5631
927,5632
927,5633
927,5634
927,5635
928,5636
928,5637
928,5638
928,5639
928,5640
929,5641
929,5642
929,5643
929,5644
929,5645
930,5646
930,5647
930,5648
930,5649
930,5650
931,5651
931,5652
931,5653
931,5654
931,5655
932,5656
932,5657
932,5658
932,5659
932,5660
933,5661
933,5662
933,5663
933,5664
933,5665
934,5666
934,5667
934,5668
934,5669
934,5670
935,5671
935,5672
935,5673
935,5674
935,5675
936,5676
936,5677
936,5678
936,5679
936,5680
937,5681
937,5682
937,5683
937,5684
937,5685
938,5686
938,5687
938,5688
938,5689
938,5690
939,5691
939,5692
939,5693
939,5694
939,5695
940,5696
940,5697
940,5698
940,5699
940,5700
941,5701
941,5702
941,5703
941,5704
941,5705
942,5706
942,5707
942,5708
942,5709
942,5710
943,5711
943,5712
943,5713
943,5714
943,5715
944,5716
944,5717
944,5718
944,5719
944,5720
945,5721
945,5722
945,5723
945,5724
945,5725
946,5726
946,5727
946,5728
946,5729
946,5730
947,5731
947,5732
947,5733
947,5734
947,5735
948,5736
948,5737
948,5738
948,5739
948,5740
949,5741
949,5742
949,5743
949,5744
949,5745
950,5746
950,5747
950,5748
950,5749
950,5750
951,5751
951,5752
951,5753
951,5754
951,5755
952,5756
952,5757
952,5758
952,5759
952,5760
953,5761
953,5762
953,5763
953,5764
953,5765
954,5766
954,5767
954,5768
954,5769
954,5770
955,5771
955,5772
955,5773
955,5774
955,5775
956,5776
956,5777
956,5778
956,5779
956,5780
957,5781
957,5782
957,5783
957,5784
957,5785
958,5786
958,5787
958,5788
958,5789
958,5790
959,5791
959,5792
959,5793
959,5794
959,5795
960,5796
960,5797
960,5798
960,5799
960,5800
961,5801
961,5802
961,5803
961,5804
961,5805
962,5806
962,5807
962,5808
962,5809
962,5810
963,5811
963,5812
963,5813
963,5814
963,5815
964,5816
964,5817
964,5818
964,5819
964,5820
965,5821
965,5822
965,5823
965,5824
965,5825
966,5826
966,5827
966,5828
966,5829
966,5830
967,5831
967,5832
967,5833
967,5834
967,5835
968,5836
968,5837
968,5838
968,5839
968,5840
969,5841
969,5842
969,5843
969,5844
969,5845
970,5846
970,5847
970,5848
970,5849
970,5850
971,5851
971,5852
971,5853
971,5854
971,5855
972,5856
972,5857
972,5858
972,5859
972,5860
973,5861
973,5862
973,5863
973,5864
973,5865
974,5866
974,5867
974,5868
974,5869
974,5870
975,5871
975,5872
975,5873
975,5874
975,5875
976,5876
976,5877
976,5878
976,5879
976,5880
977,5881
977,5882
977,5883
977,5884
977,5885
978,5886
978,5887
978,5888
978,5889
978,5890
979,5891
979,5892
979,5893
979,5894
979,5895
980,5896
980,5897
980,5898
980,5899
980,5900
981,5901
981,5902
981,5903
981,5904
981,5905
982,5906
982,5907
982,5908
982,5909
982,5910
983,5911
983,5912
983,5913
983,5914
983,5915
984,5916
984,5917
984,5918
984,5919
984,5920
985,5921
985,5922
985,5923
985,5924
985,5925
986,5926
986,5927
986,5928
986,5929
986,5930
987,5931
987,5932
987,5933
987,5934
987,5935
988,5936
988,5937
988,5938
988,5939
988,5940
989,5941
989,5942
989,5943
989,5944
989,5945
990,5946
990,5947
990,5948
990,5949
990,5950
991,5951
991,5952
991,5953
991,5954
991,5955
992,5956
992,5957
992,5958
992,5959
992,5960
993,5961
993,5962
993,5963
993,5964
993,5965
994,5966
994,5967
994,5968
994,5969
994,5970
995,5971
995,5972
995,5973
995,5974
995,5975
996,5976
996,5977
996,5978
996,5979
996,5980
997,5981
997,5982
997,5983
997,5984
997,5985
998,5986
998,5987
998,5988
998,5989
998,5990
999,5991
999,5992
999,5993
999,5994
999,5995
1000,5996
1000,5997
1000,5998
1000,5999
1000,6000
